{"cameraMode":{"drawMode":0,"name":"Shaded","section":"Shading Mode"},"sceneLighting":true,"audioPlay":false,"sceneViewState":{"showFog":true,"showMaterialUpdate":false,"showSkybox":true,"showFlares":true,"showImageEffects":true,"showParticleSystems":true},"in2DMode":false,"pivot":{"x":1.0247249603271485,"y":0.8782543540000916,"z":5.8737077713012699},"rotation":{"x":-0.01019133348017931,"y":0.029985900968313218,"z":0.00016816952847875655,"w":0.9995597004890442},"size":7.624887943267822,"orthographic":false}